{
  "meta_title": "Confraria Eletrônica",
  "meta_description": "Confraria",
  "sections": [
    {
      "type": "banner-slider",
      "autoplay": 9000,
      "full_width": false,
      "slides": [
        {
          "start": "",
          "end": "",
          "img": "/img/uploads/banner-loja-certo.png",
          "link": "https://api.whatsapp.com/send?phone=5591987568795"
        }
      ]
    },
    {
      "type": "collection-shelf",
      "shuffle": true,
      "collection_id": "61d887a70c7c727225f89a17:categories:SSD's:/ssds",
      "sort": "offers",
      "title": "",
      "headless": false,
      "limit": 16,
      "page": 1
    },
    {
      "type": "dynamic-showcase",
      "load_more": true
    },
    {
      "type": "page-title",
      "title": "Confraria Eletrônica",
      "description": "Desde 2014, entregando tecnologia à preço justo. Toda loja em até 10x sem juros ou com desconto à vista."
    }
  ]
}